Product Name,Price,Rating,Link
"100W Fast Charging 3.0 USB Cable 4 Ft / 1.2M To 3-In-1 Long Charging Cord With Type C + Micro Usb + Lightning Connector 480 Mbps Data Transfer For Laptop,Tablets,Smartphones & More, Black",Rs.  183,78.0,https://www.snapdeal.com/product/100w-fast-charging-30-usb/671911737777
Gizga Essentials Black Laptop Sleeves,Rs.  86,90.0,https://www.snapdeal.com/product/gizga-essentials-black-laptop-sleeves/686410174615
"85W Fast Charger with 3-in-1 Charging Cable | Type-C, Micro USB & Lightning | Universal Quick Charging Adapter for Laptop, Smartphone, Tablet | Travel-Friendly Power Delivery Charger",Rs.  349,84.00000000000001,https://www.snapdeal.com/product/85w-fast-charger-with-3in1/624513511351
Fifty Shades Film trilogy Series (3 Movies) in Hindi Play only in Computer or Laptop HD Quality without Poster,Rs.  313,20.0,https://www.snapdeal.com/product/fifty-shades-film-trilogy-series/639947824355
OLIVEOPS Multicolor Matt - Finish Laptop Skin,Rs.  185,N/A,https://www.snapdeal.com/product/oliveops-multicolor-matt-finish-laptop/668982955590
"HDMI to VGA Adapter/Converter 1080P for Projector, Computer, Laptop, TV",Rs.  196,78.0,https://www.snapdeal.com/product/hdmi-to-vga-adapterconverter-1080p/679327128104
"Super-Fast 67W Type-C Charger with USB-C to USB-C Cable | Universal PD Adapter for Mobile Phones, Tablets, and Laptops | Travel-Friendly & Efficient Charging",Rs.  376,80.0,https://www.snapdeal.com/product/superfast-67w-typec-charger-with/634067725406
Neonnest Laptop Table For Upto 35.56 cm (14) Black,Rs.  408,84.00000000000001,https://www.snapdeal.com/product/neonnest-laptop-table-for-upto/677371072167
American Pie Film series (9 Movies) only in English play only in Computer or Laptop HD Quality without Poster,Rs.  373,N/A,https://www.snapdeal.com/product/american-pie-film-series-9/649893431842
Martucci 35 Ltrs Black Laptop Bags,Rs.  570,84.00000000000001,https://www.snapdeal.com/product/martucci-35-ltrs-black-laptop/663863040489
Magnique 6 Angles Adjustable Aluminum Foldable Portable Laptop Riser Stand for All Laptops (Silver),Rs.  294,76.0,https://www.snapdeal.com/product/magnique-metal-laptop-stand-pack/670009229089
Shopper52 Laptop Table For Upto 40.64 cm (16) Black,Rs.  512,84.00000000000001,https://www.snapdeal.com/product/shopper52-laptop-table-for-upto/633110173965
"Conjuring 1 to 3 , Annabelle 1 to 3 & Evil Dead (7 Movies) Dual Audio Hindi & English both Play only in Computer or Laptop HD print without poster",Rs.  395,N/A,https://www.snapdeal.com/product/conjuring-1-to-3-annabelle/625961607928
Neonnest Laptop Table For Upto 38.1 cm (15) Brown,Rs.  444,90.0,https://www.snapdeal.com/product/neonnest-laptop-table-for-upto/654974699813
Abgrow Black PU Office Bag with 15.6 Inch Expandable Laptop Sleeve Messenger Bag,Rs.  441,82.0,https://www.snapdeal.com/product/abgrow-black-leather-office-bag/686864587670
Generic 30 Ltrs Brown Laptop Bags,Rs.  419,62.0,https://www.snapdeal.com/product/generic-30-ltrs-brown-laptop/636016522740
Braintastic Kids Laptop Computer Musical Learning & Educational Toy with Led Display & Music for Kids Age 3+ Years,Rs.  314,76.0,https://www.snapdeal.com/product/braintastic-kids-laptop-computer-musical/633532404423
CLUCI 27 Ltrs Grey Laptop Bags,Rs.  455,84.00000000000001,https://www.snapdeal.com/product/cluci-27-ltrs-maroon-laptop/684517739844
DALUCI Gel Cleaner for Car Interior Dust Cleaner for Keyboard Computer Laptop Home Office Window Grill & Electronics Cleaning Gel - (Blue) (1),Rs.  114,74.0,https://www.snapdeal.com/product/daluci-gel-cleaner-for-car/674570013575
Braintastic Kids Laptop Computer Musical Learning & Educational Toy with Led Display & Music for Kids Age 3+ Years,Rs.  314,90.0,https://www.snapdeal.com/product/braintastic-kids-laptop-computer-musical/684824749879
Gizga Essentials Black Laptop Sleeves,Rs.  86,90.0,https://www.snapdeal.com/product/gizga-essentials-black-laptop-sleeves/686410174615
"100W Fast Charging 3.0 USB Cable 4 Ft / 1.2M To 3-In-1 Long Charging Cord With Type C + Micro Usb + Lightning Connector 480 Mbps Data Transfer For Laptop,Tablets,Smartphones & More, Black",Rs.  183,78.0,https://www.snapdeal.com/product/100w-fast-charging-30-usb/671911737777
"85W Fast Charger with 3-in-1 Charging Cable | Type-C, Micro USB & Lightning | Universal Quick Charging Adapter for Laptop, Smartphone, Tablet | Travel-Friendly Power Delivery Charger",Rs.  349,84.00000000000001,https://www.snapdeal.com/product/85w-fast-charger-with-3in1/624513511351
"HDMI to VGA Adapter/Converter 1080P for Projector, Computer, Laptop, TV",Rs.  196,78.0,https://www.snapdeal.com/product/hdmi-to-vga-adapterconverter-1080p/679327128104
OLIVEOPS Multicolor Matt - Finish Laptop Skin,Rs.  185,N/A,https://www.snapdeal.com/product/oliveops-multicolor-matt-finish-laptop/668982955590
Fifty Shades Film trilogy Series (3 Movies) in Hindi Play only in Computer or Laptop HD Quality without Poster,Rs.  313,20.0,https://www.snapdeal.com/product/fifty-shades-film-trilogy-series/639947824355
Martucci 35 Ltrs Black Laptop Bags,Rs.  570,84.00000000000001,https://www.snapdeal.com/product/martucci-35-ltrs-black-laptop/663863040489
Neonnest Laptop Table For Upto 35.56 cm (14) Black,Rs.  408,84.00000000000001,https://www.snapdeal.com/product/neonnest-laptop-table-for-upto/677371072167
Neonnest Laptop Table For Upto 38.1 cm (15) Brown,Rs.  444,90.0,https://www.snapdeal.com/product/neonnest-laptop-table-for-upto/654974699813
American Pie Film series (9 Movies) only in English play only in Computer or Laptop HD Quality without Poster,Rs.  373,N/A,https://www.snapdeal.com/product/american-pie-film-series-9/649893431842
"Super-Fast 67W Type-C Charger with USB-C to USB-C Cable | Universal PD Adapter for Mobile Phones, Tablets, and Laptops | Travel-Friendly & Efficient Charging",Rs.  376,80.0,https://www.snapdeal.com/product/superfast-67w-typec-charger-with/634067725406
Generic 30 Ltrs Brown Laptop Bags,Rs.  419,62.0,https://www.snapdeal.com/product/generic-30-ltrs-brown-laptop/636016522740
Magnique 6 Angles Adjustable Aluminum Foldable Portable Laptop Riser Stand for All Laptops (Silver),Rs.  294,76.0,https://www.snapdeal.com/product/magnique-metal-laptop-stand-pack/670009229089
"Conjuring 1 to 3 , Annabelle 1 to 3 & Evil Dead (7 Movies) Dual Audio Hindi & English both Play only in Computer or Laptop HD print without poster",Rs.  395,N/A,https://www.snapdeal.com/product/conjuring-1-to-3-annabelle/625961607928
Braintastic Kids Laptop Computer Musical Learning & Educational Toy with Led Display & Music for Kids Age 3+ Years,Rs.  314,76.0,https://www.snapdeal.com/product/braintastic-kids-laptop-computer-musical/633532404423
CLUCI 27 Ltrs Grey Laptop Bags,Rs.  455,84.00000000000001,https://www.snapdeal.com/product/cluci-27-ltrs-maroon-laptop/684517739844
"Lust Stories , Dance Bar , Mismatched , Four More Shots Please , Palang Tod , Hello Jee , XXX Uncensored , Virgin Bhasskar , Gandii Baat , Mastram (26 Movies) in Hindi Play only in Laptop or Computer HD print without poster",Rs.  573,N/A,https://www.snapdeal.com/product/lust-stories-dance-bar-mismatched/665564537410
Shopper52 Laptop Table For Upto 40.64 cm (16) Black,Rs.  512,84.00000000000001,https://www.snapdeal.com/product/shopper52-laptop-table-for-upto/633110173965
Abgrow Black PU Office Bag with 15.6 Inch Expandable Laptop Sleeve Messenger Bag,Rs.  441,82.0,https://www.snapdeal.com/product/abgrow-black-leather-office-bag/686864587670
DALUCI Gel Cleaner for Car Interior Dust Cleaner for Keyboard Computer Laptop Home Office Window Grill & Electronics Cleaning Gel - (Blue) (1),Rs.  114,74.0,https://www.snapdeal.com/product/daluci-gel-cleaner-for-car/674570013575
Gizga Essentials Black Laptop Sleeves,Rs.  86,90.0,https://www.snapdeal.com/product/gizga-essentials-black-laptop-sleeves/686410174615
"100W Fast Charging 3.0 USB Cable 4 Ft / 1.2M To 3-In-1 Long Charging Cord With Type C + Micro Usb + Lightning Connector 480 Mbps Data Transfer For Laptop,Tablets,Smartphones & More, Black",Rs.  183,78.0,https://www.snapdeal.com/product/100w-fast-charging-30-usb/671911737777
"85W Fast Charger with 3-in-1 Charging Cable | Type-C, Micro USB & Lightning | Universal Quick Charging Adapter for Laptop, Smartphone, Tablet | Travel-Friendly Power Delivery Charger",Rs.  349,84.00000000000001,https://www.snapdeal.com/product/85w-fast-charger-with-3in1/624513511351
Crust Laptop Charger / Inverter N80 Black,Rs.  1382,92.0,https://www.snapdeal.com/product/crust-laptop-charger-inverter-n80/686155959550
OLIVEOPS Multicolor Matt - Finish Laptop Skin,Rs.  185,N/A,https://www.snapdeal.com/product/oliveops-multicolor-matt-finish-laptop/668982955590
"HDMI to VGA Adapter/Converter 1080P for Projector, Computer, Laptop, TV",Rs.  196,78.0,https://www.snapdeal.com/product/hdmi-to-vga-adapterconverter-1080p/679327128104
Neonnest Laptop Table For Upto 35.56 cm (14) Black,Rs.  408,84.00000000000001,https://www.snapdeal.com/product/neonnest-laptop-table-for-upto/677371072167
Magnique 6 Angles Adjustable Aluminum Foldable Portable Laptop Riser Stand for All Laptops (Silver),Rs.  294,76.0,https://www.snapdeal.com/product/magnique-metal-laptop-stand-pack/670009229089
Fifty Shades Film trilogy Series (3 Movies) in Hindi Play only in Computer or Laptop HD Quality without Poster,Rs.  313,20.0,https://www.snapdeal.com/product/fifty-shades-film-trilogy-series/639947824355
American Pie Film series (9 Movies) only in English play only in Computer or Laptop HD Quality without Poster,Rs.  373,N/A,https://www.snapdeal.com/product/american-pie-film-series-9/649893431842
Raylan Brown Leather Office Bag,Rs.  698,78.0,https://www.snapdeal.com/product/raylan-brown-leather-office-bag/660599537065
Martucci 35 Ltrs Black Laptop Bags,Rs.  570,84.00000000000001,https://www.snapdeal.com/product/martucci-35-ltrs-black-laptop/663863040489
"Super-Fast 67W Type-C Charger with USB-C to USB-C Cable | Universal PD Adapter for Mobile Phones, Tablets, and Laptops | Travel-Friendly & Efficient Charging",Rs.  376,80.0,https://www.snapdeal.com/product/superfast-67w-typec-charger-with/634067725406
"Conjuring 1 to 3 , Annabelle 1 to 3 & Evil Dead (7 Movies) Dual Audio Hindi & English both Play only in Computer or Laptop HD print without poster",Rs.  395,N/A,https://www.snapdeal.com/product/conjuring-1-to-3-annabelle/625961607928
Abgrow Black PU Office Bag with 15.6 Inch Expandable Laptop Sleeve Messenger Bag,Rs.  441,82.0,https://www.snapdeal.com/product/abgrow-black-leather-office-bag/686864587670
Shopper52 Laptop Table For Upto 40.64 cm (16) Black,Rs.  512,84.00000000000001,https://www.snapdeal.com/product/shopper52-laptop-table-for-upto/633110173965
Neonnest Laptop Table For Upto 38.1 cm (15) Brown,Rs.  444,90.0,https://www.snapdeal.com/product/neonnest-laptop-table-for-upto/654974699813
Braintastic Kids Laptop Computer Musical Learning & Educational Toy with Led Display & Music for Kids Age 3+ Years,Rs.  314,76.0,https://www.snapdeal.com/product/braintastic-kids-laptop-computer-musical/633532404423
"Lust Stories , Dance Bar , Mismatched , Four More Shots Please , Palang Tod , Hello Jee , XXX Uncensored , Virgin Bhasskar , Gandii Baat , Mastram (26 Movies) in Hindi Play only in Laptop or Computer HD print without poster",Rs.  573,N/A,https://www.snapdeal.com/product/lust-stories-dance-bar-mismatched/665564537410
CLUCI 27 Ltrs Grey Laptop Bags,Rs.  455,84.00000000000001,https://www.snapdeal.com/product/cluci-27-ltrs-maroon-laptop/684517739844
Gizga Essentials Black Laptop Sleeves,Rs.  86,90.0,https://www.snapdeal.com/product/gizga-essentials-black-laptop-sleeves/686410174615
"100W Fast Charging 3.0 USB Cable 4 Ft / 1.2M To 3-In-1 Long Charging Cord With Type C + Micro Usb + Lightning Connector 480 Mbps Data Transfer For Laptop,Tablets,Smartphones & More, Black",Rs.  183,78.0,https://www.snapdeal.com/product/100w-fast-charging-30-usb/671911737777
"85W Fast Charger with 3-in-1 Charging Cable | Type-C, Micro USB & Lightning | Universal Quick Charging Adapter for Laptop, Smartphone, Tablet | Travel-Friendly Power Delivery Charger",Rs.  349,84.00000000000001,https://www.snapdeal.com/product/85w-fast-charger-with-3in1/624513511351
Neonnest Laptop Table For Upto 38.1 cm (15) Brown,Rs.  444,90.0,https://www.snapdeal.com/product/neonnest-laptop-table-for-upto/654974699813
OLIVEOPS Multicolor Matt - Finish Laptop Skin,Rs.  185,N/A,https://www.snapdeal.com/product/oliveops-multicolor-matt-finish-laptop/668982955590
Fifty Shades Film trilogy Series (3 Movies) in Hindi Play only in Computer or Laptop HD Quality without Poster,Rs.  313,20.0,https://www.snapdeal.com/product/fifty-shades-film-trilogy-series/639947824355
Neonnest Laptop Table For Upto 35.56 cm (14) Black,Rs.  408,84.00000000000001,https://www.snapdeal.com/product/neonnest-laptop-table-for-upto/677371072167
"Super-Fast 67W Type-C Charger with USB-C to USB-C Cable | Universal PD Adapter for Mobile Phones, Tablets, and Laptops | Travel-Friendly & Efficient Charging",Rs.  376,80.0,https://www.snapdeal.com/product/superfast-67w-typec-charger-with/634067725406
"HDMI to VGA Adapter/Converter 1080P for Projector, Computer, Laptop, TV",Rs.  196,78.0,https://www.snapdeal.com/product/hdmi-to-vga-adapterconverter-1080p/679327128104
American Pie Film series (9 Movies) only in English play only in Computer or Laptop HD Quality without Poster,Rs.  373,N/A,https://www.snapdeal.com/product/american-pie-film-series-9/649893431842
Martucci 35 Ltrs Black Laptop Bags,Rs.  570,84.00000000000001,https://www.snapdeal.com/product/martucci-35-ltrs-black-laptop/663863040489
Shopper52 Laptop Table For Upto 40.64 cm (16) Black,Rs.  512,84.00000000000001,https://www.snapdeal.com/product/shopper52-laptop-table-for-upto/633110173965
"Conjuring 1 to 3 , Annabelle 1 to 3 & Evil Dead (7 Movies) Dual Audio Hindi & English both Play only in Computer or Laptop HD print without poster",Rs.  395,N/A,https://www.snapdeal.com/product/conjuring-1-to-3-annabelle/625961607928
Magnique 6 Angles Adjustable Aluminum Foldable Portable Laptop Riser Stand for All Laptops (Silver),Rs.  294,76.0,https://www.snapdeal.com/product/magnique-metal-laptop-stand-pack/670009229089
Abgrow Black PU Office Bag with 15.6 Inch Expandable Laptop Sleeve Messenger Bag,Rs.  441,82.0,https://www.snapdeal.com/product/abgrow-black-leather-office-bag/686864587670
Braintastic Kids Laptop Computer Musical Learning & Educational Toy with Led Display & Music for Kids Age 3+ Years,Rs.  314,76.0,https://www.snapdeal.com/product/braintastic-kids-laptop-computer-musical/633532404423
Generic 30 Ltrs Brown Laptop Bags,Rs.  419,62.0,https://www.snapdeal.com/product/generic-30-ltrs-brown-laptop/636016522740
James Bond Series ( 23 Movies Pack name see in Description ) in Hindi & English Both HD Quality play only in computer or laptop not in DVD or CD player (without poster),Rs.  533,N/A,https://www.snapdeal.com/product/james-bond-series-23-movies/660336071618
Braintastic Kids Laptop Computer Musical Learning & Educational Toy with Led Display & Music for Kids Age 3+ Years,Rs.  314,90.0,https://www.snapdeal.com/product/braintastic-kids-laptop-computer-musical/684824749879
CLUCI 27 Ltrs Grey Laptop Bags,Rs.  455,84.00000000000001,https://www.snapdeal.com/product/cluci-27-ltrs-maroon-laptop/684517739844
"100W Fast Charging 3.0 USB Cable 4 Ft / 1.2M To 3-In-1 Long Charging Cord With Type C + Micro Usb + Lightning Connector 480 Mbps Data Transfer For Laptop,Tablets,Smartphones & More, Black",Rs.  183,78.0,https://www.snapdeal.com/product/100w-fast-charging-30-usb/671911737777
Gizga Essentials Black Laptop Sleeves,Rs.  86,90.0,https://www.snapdeal.com/product/gizga-essentials-black-laptop-sleeves/686410174615
"85W Fast Charger with 3-in-1 Charging Cable | Type-C, Micro USB & Lightning | Universal Quick Charging Adapter for Laptop, Smartphone, Tablet | Travel-Friendly Power Delivery Charger",Rs.  349,84.00000000000001,https://www.snapdeal.com/product/85w-fast-charger-with-3in1/624513511351
Fifty Shades Film trilogy Series (3 Movies) in Hindi Play only in Computer or Laptop HD Quality without Poster,Rs.  313,20.0,https://www.snapdeal.com/product/fifty-shades-film-trilogy-series/639947824355
OLIVEOPS Multicolor Matt - Finish Laptop Skin,Rs.  185,N/A,https://www.snapdeal.com/product/oliveops-multicolor-matt-finish-laptop/668982955590
"HDMI to VGA Adapter/Converter 1080P for Projector, Computer, Laptop, TV",Rs.  196,78.0,https://www.snapdeal.com/product/hdmi-to-vga-adapterconverter-1080p/679327128104
Neonnest Laptop Table For Upto 35.56 cm (14) Black,Rs.  408,84.00000000000001,https://www.snapdeal.com/product/neonnest-laptop-table-for-upto/677371072167
Neonnest Laptop Table For Upto 38.1 cm (15) Brown,Rs.  444,90.0,https://www.snapdeal.com/product/neonnest-laptop-table-for-upto/654974699813
American Pie Film series (9 Movies) only in English play only in Computer or Laptop HD Quality without Poster,Rs.  373,N/A,https://www.snapdeal.com/product/american-pie-film-series-9/649893431842
Magnique 6 Angles Adjustable Aluminum Foldable Portable Laptop Riser Stand for All Laptops (Silver),Rs.  294,76.0,https://www.snapdeal.com/product/magnique-metal-laptop-stand-pack/670009229089
Abgrow Black PU Office Bag with 15.6 Inch Expandable Laptop Sleeve Messenger Bag,Rs.  441,82.0,https://www.snapdeal.com/product/abgrow-black-leather-office-bag/686864587670
"Super-Fast 67W Type-C Charger with USB-C to USB-C Cable | Universal PD Adapter for Mobile Phones, Tablets, and Laptops | Travel-Friendly & Efficient Charging",Rs.  376,80.0,https://www.snapdeal.com/product/superfast-67w-typec-charger-with/634067725406
"Conjuring 1 to 3 , Annabelle 1 to 3 & Evil Dead (7 Movies) Dual Audio Hindi & English both Play only in Computer or Laptop HD print without poster",Rs.  395,N/A,https://www.snapdeal.com/product/conjuring-1-to-3-annabelle/625961607928
Martucci 35 Ltrs Black Laptop Bags,Rs.  570,84.00000000000001,https://www.snapdeal.com/product/martucci-35-ltrs-black-laptop/663863040489
Shopper52 Laptop Table For Upto 40.64 cm (16) Black,Rs.  512,84.00000000000001,https://www.snapdeal.com/product/shopper52-laptop-table-for-upto/633110173965
Braintastic Kids Laptop Computer Musical Learning & Educational Toy with Led Display & Music for Kids Age 3+ Years,Rs.  314,76.0,https://www.snapdeal.com/product/braintastic-kids-laptop-computer-musical/633532404423
"Lust Stories , Dance Bar , Mismatched , Four More Shots Please , Palang Tod , Hello Jee , XXX Uncensored , Virgin Bhasskar , Gandii Baat , Mastram (26 Movies) in Hindi Play only in Laptop or Computer HD print without poster",Rs.  573,N/A,https://www.snapdeal.com/product/lust-stories-dance-bar-mismatched/665564537410
CLUCI 27 Ltrs Grey Laptop Bags,Rs.  455,84.00000000000001,https://www.snapdeal.com/product/cluci-27-ltrs-maroon-laptop/684517739844
Generic 30 Ltrs Brown Laptop Bags,Rs.  419,62.0,https://www.snapdeal.com/product/generic-30-ltrs-brown-laptop/636016522740
DALUCI Gel Cleaner for Car Interior Dust Cleaner for Keyboard Computer Laptop Home Office Window Grill & Electronics Cleaning Gel - (Blue) (1),Rs.  114,74.0,https://www.snapdeal.com/product/daluci-gel-cleaner-for-car/674570013575
Gizga Essentials Black Laptop Sleeves,Rs.  86,90.0,https://www.snapdeal.com/product/gizga-essentials-black-laptop-sleeves/686410174615
"100W Fast Charging 3.0 USB Cable 4 Ft / 1.2M To 3-In-1 Long Charging Cord With Type C + Micro Usb + Lightning Connector 480 Mbps Data Transfer For Laptop,Tablets,Smartphones & More, Black",Rs.  183,78.0,https://www.snapdeal.com/product/100w-fast-charging-30-usb/671911737777
"85W Fast Charger with 3-in-1 Charging Cable | Type-C, Micro USB & Lightning | Universal Quick Charging Adapter for Laptop, Smartphone, Tablet | Travel-Friendly Power Delivery Charger",Rs.  349,84.00000000000001,https://www.snapdeal.com/product/85w-fast-charger-with-3in1/624513511351
Neonnest Laptop Table For Upto 35.56 cm (14) Black,Rs.  408,84.00000000000001,https://www.snapdeal.com/product/neonnest-laptop-table-for-upto/677371072167
OLIVEOPS Multicolor Matt - Finish Laptop Skin,Rs.  185,N/A,https://www.snapdeal.com/product/oliveops-multicolor-matt-finish-laptop/668982955590
"HDMI to VGA Adapter/Converter 1080P for Projector, Computer, Laptop, TV",Rs.  196,78.0,https://www.snapdeal.com/product/hdmi-to-vga-adapterconverter-1080p/679327128104
Braintastic Kids Laptop Computer Musical Learning & Educational Toy with Led Display & Music for Kids Age 3+ Years,Rs.  314,76.0,https://www.snapdeal.com/product/braintastic-kids-laptop-computer-musical/633532404423
"Super-Fast 67W Type-C Charger with USB-C to USB-C Cable | Universal PD Adapter for Mobile Phones, Tablets, and Laptops | Travel-Friendly & Efficient Charging",Rs.  376,80.0,https://www.snapdeal.com/product/superfast-67w-typec-charger-with/634067725406
CLUCI 27 Ltrs Grey Laptop Bags,Rs.  455,84.00000000000001,https://www.snapdeal.com/product/cluci-27-ltrs-maroon-laptop/684517739844
American Pie Film series (9 Movies) only in English play only in Computer or Laptop HD Quality without Poster,Rs.  373,N/A,https://www.snapdeal.com/product/american-pie-film-series-9/649893431842
Fifty Shades Film trilogy Series (3 Movies) in Hindi Play only in Computer or Laptop HD Quality without Poster,Rs.  313,20.0,https://www.snapdeal.com/product/fifty-shades-film-trilogy-series/639947824355
Martucci 35 Ltrs Black Laptop Bags,Rs.  570,84.00000000000001,https://www.snapdeal.com/product/martucci-35-ltrs-black-laptop/663863040489
Crust Laptop Charger / Inverter N80 Black,Rs.  1382,92.0,https://www.snapdeal.com/product/crust-laptop-charger-inverter-n80/686155959550
"Conjuring 1 to 3 , Annabelle 1 to 3 & Evil Dead (7 Movies) Dual Audio Hindi & English both Play only in Computer or Laptop HD print without poster",Rs.  395,N/A,https://www.snapdeal.com/product/conjuring-1-to-3-annabelle/625961607928
Magnique 6 Angles Adjustable Aluminum Foldable Portable Laptop Riser Stand for All Laptops (Silver),Rs.  294,76.0,https://www.snapdeal.com/product/magnique-metal-laptop-stand-pack/670009229089
Raylan Brown Leather Office Bag,Rs.  698,78.0,https://www.snapdeal.com/product/raylan-brown-leather-office-bag/660599537065
Shopper52 Laptop Table For Upto 40.64 cm (16) Black,Rs.  512,84.00000000000001,https://www.snapdeal.com/product/shopper52-laptop-table-for-upto/633110173965
Abgrow Black PU Office Bag with 15.6 Inch Expandable Laptop Sleeve Messenger Bag,Rs.  441,82.0,https://www.snapdeal.com/product/abgrow-black-leather-office-bag/686864587670
"Saw, Hills Have Eyes, Evil Dead, Wrong Turn, Hostel, Don't Breathe 2 etc total 38 Movies Play only in Computer or Laptop without poster HD print Quality for Movies Name & Audio see in Product Picture",Rs.  773,N/A,https://www.snapdeal.com/product/saw-hills-have-eyes-evil/661905375612
Generic 30 Ltrs Brown Laptop Bags,Rs.  419,62.0,https://www.snapdeal.com/product/generic-30-ltrs-brown-laptop/636016522740
"100W Fast Charging 3.0 USB Cable 4 Ft / 1.2M To 3-In-1 Long Charging Cord With Type C + Micro Usb + Lightning Connector 480 Mbps Data Transfer For Laptop,Tablets,Smartphones & More, Black",Rs.  183,78.0,https://www.snapdeal.com/product/100w-fast-charging-30-usb/671911737777
Gizga Essentials Black Laptop Sleeves,Rs.  86,90.0,https://www.snapdeal.com/product/gizga-essentials-black-laptop-sleeves/686410174615
"85W Fast Charger with 3-in-1 Charging Cable | Type-C, Micro USB & Lightning | Universal Quick Charging Adapter for Laptop, Smartphone, Tablet | Travel-Friendly Power Delivery Charger",Rs.  349,84.00000000000001,https://www.snapdeal.com/product/85w-fast-charger-with-3in1/624513511351
"HDMI to VGA Adapter/Converter 1080P for Projector, Computer, Laptop, TV",Rs.  196,78.0,https://www.snapdeal.com/product/hdmi-to-vga-adapterconverter-1080p/679327128104
American Pie Film series (9 Movies) only in English play only in Computer or Laptop HD Quality without Poster,Rs.  373,N/A,https://www.snapdeal.com/product/american-pie-film-series-9/649893431842
Fifty Shades Film trilogy Series (3 Movies) in Hindi Play only in Computer or Laptop HD Quality without Poster,Rs.  313,20.0,https://www.snapdeal.com/product/fifty-shades-film-trilogy-series/639947824355
Martucci 35 Ltrs Black Laptop Bags,Rs.  570,84.00000000000001,https://www.snapdeal.com/product/martucci-35-ltrs-black-laptop/663863040489
"Conjuring 1 to 3 , Annabelle 1 to 3 & Evil Dead (7 Movies) Dual Audio Hindi & English both Play only in Computer or Laptop HD print without poster",Rs.  395,N/A,https://www.snapdeal.com/product/conjuring-1-to-3-annabelle/625961607928
"Super-Fast 67W Type-C Charger with USB-C to USB-C Cable | Universal PD Adapter for Mobile Phones, Tablets, and Laptops | Travel-Friendly & Efficient Charging",Rs.  376,80.0,https://www.snapdeal.com/product/superfast-67w-typec-charger-with/634067725406
Abgrow Black PU Office Bag with 15.6 Inch Expandable Laptop Sleeve Messenger Bag,Rs.  441,82.0,https://www.snapdeal.com/product/abgrow-black-leather-office-bag/686864587670
Neonnest Laptop Table For Upto 35.56 cm (14) Black,Rs.  408,84.00000000000001,https://www.snapdeal.com/product/neonnest-laptop-table-for-upto/677371072167
OLIVEOPS Multicolor Matt - Finish Laptop Skin,Rs.  185,N/A,https://www.snapdeal.com/product/oliveops-multicolor-matt-finish-laptop/668982955590
DALUCI Gel Cleaner for Car Interior Dust Cleaner for Keyboard Computer Laptop Home Office Window Grill & Electronics Cleaning Gel - (Blue) (1),Rs.  114,74.0,https://www.snapdeal.com/product/daluci-gel-cleaner-for-car/674570013575
Generic 30 Ltrs Brown Laptop Bags,Rs.  419,62.0,https://www.snapdeal.com/product/generic-30-ltrs-brown-laptop/636016522740
Shopper52 Laptop Table For Upto 40.64 cm (16) Black,Rs.  512,84.00000000000001,https://www.snapdeal.com/product/shopper52-laptop-table-for-upto/633110173965
Braintastic Kids Laptop Computer Musical Learning & Educational Toy with Led Display & Music for Kids Age 3+ Years,Rs.  314,76.0,https://www.snapdeal.com/product/braintastic-kids-laptop-computer-musical/633532404423
"Lust Stories , Dance Bar , Mismatched , Four More Shots Please , Palang Tod , Hello Jee , XXX Uncensored , Virgin Bhasskar , Gandii Baat , Mastram (26 Movies) in Hindi Play only in Laptop or Computer HD print without poster",Rs.  573,N/A,https://www.snapdeal.com/product/lust-stories-dance-bar-mismatched/665564537410
Neonnest Laptop Table For Upto 38.1 cm (15) Brown,Rs.  444,90.0,https://www.snapdeal.com/product/neonnest-laptop-table-for-upto/654974699813
Magnique 6 Angles Adjustable Aluminum Foldable Portable Laptop Riser Stand for All Laptops (Silver),Rs.  294,76.0,https://www.snapdeal.com/product/magnique-metal-laptop-stand-pack/670009229089
Braintastic Kids Laptop Computer Musical Learning & Educational Toy with Led Display & Music for Kids Age 3+ Years,Rs.  314,90.0,https://www.snapdeal.com/product/braintastic-kids-laptop-computer-musical/684824749879
Gizga Essentials Black Laptop Sleeves,Rs.  86,90.0,https://www.snapdeal.com/product/gizga-essentials-black-laptop-sleeves/686410174615
"100W Fast Charging 3.0 USB Cable 4 Ft / 1.2M To 3-In-1 Long Charging Cord With Type C + Micro Usb + Lightning Connector 480 Mbps Data Transfer For Laptop,Tablets,Smartphones & More, Black",Rs.  183,78.0,https://www.snapdeal.com/product/100w-fast-charging-30-usb/671911737777
"85W Fast Charger with 3-in-1 Charging Cable | Type-C, Micro USB & Lightning | Universal Quick Charging Adapter for Laptop, Smartphone, Tablet | Travel-Friendly Power Delivery Charger",Rs.  349,84.00000000000001,https://www.snapdeal.com/product/85w-fast-charger-with-3in1/624513511351
"HDMI to VGA Adapter/Converter 1080P for Projector, Computer, Laptop, TV",Rs.  196,78.0,https://www.snapdeal.com/product/hdmi-to-vga-adapterconverter-1080p/679327128104
OLIVEOPS Multicolor Matt - Finish Laptop Skin,Rs.  185,N/A,https://www.snapdeal.com/product/oliveops-multicolor-matt-finish-laptop/668982955590
Magnique 6 Angles Adjustable Aluminum Foldable Portable Laptop Riser Stand for All Laptops (Silver),Rs.  294,76.0,https://www.snapdeal.com/product/magnique-metal-laptop-stand-pack/670009229089
"Super-Fast 67W Type-C Charger with USB-C to USB-C Cable | Universal PD Adapter for Mobile Phones, Tablets, and Laptops | Travel-Friendly & Efficient Charging",Rs.  376,80.0,https://www.snapdeal.com/product/superfast-67w-typec-charger-with/634067725406
Neonnest Laptop Table For Upto 35.56 cm (14) Black,Rs.  408,84.00000000000001,https://www.snapdeal.com/product/neonnest-laptop-table-for-upto/677371072167
Abgrow Black PU Office Bag with 15.6 Inch Expandable Laptop Sleeve Messenger Bag,Rs.  441,82.0,https://www.snapdeal.com/product/abgrow-black-leather-office-bag/686864587670
American Pie Film series (9 Movies) only in English play only in Computer or Laptop HD Quality without Poster,Rs.  373,N/A,https://www.snapdeal.com/product/american-pie-film-series-9/649893431842
Fifty Shades Film trilogy Series (3 Movies) in Hindi Play only in Computer or Laptop HD Quality without Poster,Rs.  313,20.0,https://www.snapdeal.com/product/fifty-shades-film-trilogy-series/639947824355
"Conjuring 1 to 3 , Annabelle 1 to 3 & Evil Dead (7 Movies) Dual Audio Hindi & English both Play only in Computer or Laptop HD print without poster",Rs.  395,N/A,https://www.snapdeal.com/product/conjuring-1-to-3-annabelle/625961607928
Martucci 35 Ltrs Black Laptop Bags,Rs.  570,84.00000000000001,https://www.snapdeal.com/product/martucci-35-ltrs-black-laptop/663863040489
Shopper52 Laptop Table For Upto 40.64 cm (16) Black,Rs.  512,84.00000000000001,https://www.snapdeal.com/product/shopper52-laptop-table-for-upto/633110173965
Braintastic Kids Laptop Computer Musical Learning & Educational Toy with Led Display & Music for Kids Age 3+ Years,Rs.  314,76.0,https://www.snapdeal.com/product/braintastic-kids-laptop-computer-musical/633532404423
Neonnest Laptop Table For Upto 38.1 cm (15) Brown,Rs.  444,90.0,https://www.snapdeal.com/product/neonnest-laptop-table-for-upto/654974699813
"Lust Stories , Dance Bar , Mismatched , Four More Shots Please , Palang Tod , Hello Jee , XXX Uncensored , Virgin Bhasskar , Gandii Baat , Mastram (26 Movies) in Hindi Play only in Laptop or Computer HD print without poster",Rs.  573,N/A,https://www.snapdeal.com/product/lust-stories-dance-bar-mismatched/665564537410
DALUCI Gel Cleaner for Car Interior Dust Cleaner for Keyboard Computer Laptop Home Office Window Grill & Electronics Cleaning Gel - (Blue) (1),Rs.  114,74.0,https://www.snapdeal.com/product/daluci-gel-cleaner-for-car/674570013575
CLUCI 27 Ltrs Grey Laptop Bags,Rs.  455,84.00000000000001,https://www.snapdeal.com/product/cluci-27-ltrs-maroon-laptop/684517739844
Generic 30 Ltrs Brown Laptop Bags,Rs.  419,62.0,https://www.snapdeal.com/product/generic-30-ltrs-brown-laptop/636016522740
Gizga Essentials Black Laptop Sleeves,Rs.  86,90.0,https://www.snapdeal.com/product/gizga-essentials-black-laptop-sleeves/686410174615
"100W Fast Charging 3.0 USB Cable 4 Ft / 1.2M To 3-In-1 Long Charging Cord With Type C + Micro Usb + Lightning Connector 480 Mbps Data Transfer For Laptop,Tablets,Smartphones & More, Black",Rs.  183,78.0,https://www.snapdeal.com/product/100w-fast-charging-30-usb/671911737777
"85W Fast Charger with 3-in-1 Charging Cable | Type-C, Micro USB & Lightning | Universal Quick Charging Adapter for Laptop, Smartphone, Tablet | Travel-Friendly Power Delivery Charger",Rs.  349,84.00000000000001,https://www.snapdeal.com/product/85w-fast-charger-with-3in1/624513511351
"Super-Fast 67W Type-C Charger with USB-C to USB-C Cable | Universal PD Adapter for Mobile Phones, Tablets, and Laptops | Travel-Friendly & Efficient Charging",Rs.  376,80.0,https://www.snapdeal.com/product/superfast-67w-typec-charger-with/634067725406
American Pie Film series (9 Movies) only in English play only in Computer or Laptop HD Quality without Poster,Rs.  373,N/A,https://www.snapdeal.com/product/american-pie-film-series-9/649893431842
Fifty Shades Film trilogy Series (3 Movies) in Hindi Play only in Computer or Laptop HD Quality without Poster,Rs.  313,20.0,https://www.snapdeal.com/product/fifty-shades-film-trilogy-series/639947824355
Neonnest Laptop Table For Upto 35.56 cm (14) Black,Rs.  408,84.00000000000001,https://www.snapdeal.com/product/neonnest-laptop-table-for-upto/677371072167
Magnique 6 Angles Adjustable Aluminum Foldable Portable Laptop Riser Stand for All Laptops (Silver),Rs.  294,76.0,https://www.snapdeal.com/product/magnique-metal-laptop-stand-pack/670009229089
"HDMI to VGA Adapter/Converter 1080P for Projector, Computer, Laptop, TV",Rs.  196,78.0,https://www.snapdeal.com/product/hdmi-to-vga-adapterconverter-1080p/679327128104
OLIVEOPS Multicolor Matt - Finish Laptop Skin,Rs.  185,N/A,https://www.snapdeal.com/product/oliveops-multicolor-matt-finish-laptop/668982955590
Neonnest Laptop Table For Upto 38.1 cm (15) Brown,Rs.  444,90.0,https://www.snapdeal.com/product/neonnest-laptop-table-for-upto/654974699813
Martucci 35 Ltrs Black Laptop Bags,Rs.  570,84.00000000000001,https://www.snapdeal.com/product/martucci-35-ltrs-black-laptop/663863040489
"Conjuring 1 to 3 , Annabelle 1 to 3 & Evil Dead (7 Movies) Dual Audio Hindi & English both Play only in Computer or Laptop HD print without poster",Rs.  395,N/A,https://www.snapdeal.com/product/conjuring-1-to-3-annabelle/625961607928
Generic 30 Ltrs Brown Laptop Bags,Rs.  419,62.0,https://www.snapdeal.com/product/generic-30-ltrs-brown-laptop/636016522740
Braintastic Kids Laptop Computer Musical Learning & Educational Toy with Led Display & Music for Kids Age 3+ Years,Rs.  314,76.0,https://www.snapdeal.com/product/braintastic-kids-laptop-computer-musical/633532404423
Abgrow Black PU Office Bag with 15.6 Inch Expandable Laptop Sleeve Messenger Bag,Rs.  441,82.0,https://www.snapdeal.com/product/abgrow-black-leather-office-bag/686864587670
"Samrat Prithviraj , Bhool Bhulaiyaa 2 , Rocketry , Major , Runway 34 , Mere Desh Ki Dharti , Janhit Mein Jaari , Jaadugar , Jersey , Ardh , Jugjugg Jeeyo , Radhe Shyam (12 Movies) in Hindi Play only in Computer or Laptop HD Print without poster",Rs.  413,N/A,https://www.snapdeal.com/product/samrat-prithviraj-bhool-bhulaiyaa-2/649989984893
Shopper52 Laptop Table For Upto 40.64 cm (16) Black,Rs.  512,84.00000000000001,https://www.snapdeal.com/product/shopper52-laptop-table-for-upto/633110173965
DALUCI Gel Cleaner for Car Interior Dust Cleaner for Keyboard Computer Laptop Home Office Window Grill & Electronics Cleaning Gel - (Blue) (1),Rs.  114,74.0,https://www.snapdeal.com/product/daluci-gel-cleaner-for-car/674570013575
CLUCI 27 Ltrs Grey Laptop Bags,Rs.  455,84.00000000000001,https://www.snapdeal.com/product/cluci-27-ltrs-maroon-laptop/684517739844
"100W Fast Charging 3.0 USB Cable 4 Ft / 1.2M To 3-In-1 Long Charging Cord With Type C + Micro Usb + Lightning Connector 480 Mbps Data Transfer For Laptop,Tablets,Smartphones & More, Black",Rs.  183,78.0,https://www.snapdeal.com/product/100w-fast-charging-30-usb/671911737777
Gizga Essentials Black Laptop Sleeves,Rs.  86,90.0,https://www.snapdeal.com/product/gizga-essentials-black-laptop-sleeves/686410174615
"85W Fast Charger with 3-in-1 Charging Cable | Type-C, Micro USB & Lightning | Universal Quick Charging Adapter for Laptop, Smartphone, Tablet | Travel-Friendly Power Delivery Charger",Rs.  349,84.00000000000001,https://www.snapdeal.com/product/85w-fast-charger-with-3in1/624513511351
"HDMI to VGA Adapter/Converter 1080P for Projector, Computer, Laptop, TV",Rs.  196,78.0,https://www.snapdeal.com/product/hdmi-to-vga-adapterconverter-1080p/679327128104
American Pie Film series (9 Movies) only in English play only in Computer or Laptop HD Quality without Poster,Rs.  373,N/A,https://www.snapdeal.com/product/american-pie-film-series-9/649893431842
Magnique 6 Angles Adjustable Aluminum Foldable Portable Laptop Riser Stand for All Laptops (Silver),Rs.  294,76.0,https://www.snapdeal.com/product/magnique-metal-laptop-stand-pack/670009229089
Raylan Brown Leather Office Bag,Rs.  698,78.0,https://www.snapdeal.com/product/raylan-brown-leather-office-bag/660599537065
"Super-Fast 67W Type-C Charger with USB-C to USB-C Cable | Universal PD Adapter for Mobile Phones, Tablets, and Laptops | Travel-Friendly & Efficient Charging",Rs.  376,80.0,https://www.snapdeal.com/product/superfast-67w-typec-charger-with/634067725406
Fifty Shades Film trilogy Series (3 Movies) in Hindi Play only in Computer or Laptop HD Quality without Poster,Rs.  313,20.0,https://www.snapdeal.com/product/fifty-shades-film-trilogy-series/639947824355
"Conjuring 1 to 3 , Annabelle 1 to 3 & Evil Dead (7 Movies) Dual Audio Hindi & English both Play only in Computer or Laptop HD print without poster",Rs.  395,N/A,https://www.snapdeal.com/product/conjuring-1-to-3-annabelle/625961607928
Neonnest Laptop Table For Upto 35.56 cm (14) Black,Rs.  408,84.00000000000001,https://www.snapdeal.com/product/neonnest-laptop-table-for-upto/677371072167
Braintastic Kids Laptop Computer Musical Learning & Educational Toy with Led Display & Music for Kids Age 3+ Years,Rs.  314,76.0,https://www.snapdeal.com/product/braintastic-kids-laptop-computer-musical/633532404423
Shopper52 Laptop Table For Upto 40.64 cm (16) Black,Rs.  512,84.00000000000001,https://www.snapdeal.com/product/shopper52-laptop-table-for-upto/633110173965
OLIVEOPS Multicolor Matt - Finish Laptop Skin,Rs.  185,N/A,https://www.snapdeal.com/product/oliveops-multicolor-matt-finish-laptop/668982955590
Martucci 35 Ltrs Black Laptop Bags,Rs.  570,84.00000000000001,https://www.snapdeal.com/product/martucci-35-ltrs-black-laptop/663863040489
Crust Laptop Charger / Inverter N80 Black,Rs.  1382,92.0,https://www.snapdeal.com/product/crust-laptop-charger-inverter-n80/686155959550
Abgrow Black PU Office Bag with 15.6 Inch Expandable Laptop Sleeve Messenger Bag,Rs.  441,82.0,https://www.snapdeal.com/product/abgrow-black-leather-office-bag/686864587670
Generic 30 Ltrs Brown Laptop Bags,Rs.  419,62.0,https://www.snapdeal.com/product/generic-30-ltrs-brown-laptop/636016522740
"Samrat Prithviraj , Bhool Bhulaiyaa 2 , Rocketry , Major , Runway 34 , Mere Desh Ki Dharti , Janhit Mein Jaari , Jaadugar , Jersey , Ardh , Jugjugg Jeeyo , Radhe Shyam (12 Movies) in Hindi Play only in Computer or Laptop HD Print without poster",Rs.  413,N/A,https://www.snapdeal.com/product/samrat-prithviraj-bhool-bhulaiyaa-2/649989984893
Neonnest Laptop Table For Upto 38.1 cm (15) Brown,Rs.  444,90.0,https://www.snapdeal.com/product/neonnest-laptop-table-for-upto/654974699813
Gizga Essentials Black Laptop Sleeves,Rs.  86,90.0,https://www.snapdeal.com/product/gizga-essentials-black-laptop-sleeves/686410174615
"100W Fast Charging 3.0 USB Cable 4 Ft / 1.2M To 3-In-1 Long Charging Cord With Type C + Micro Usb + Lightning Connector 480 Mbps Data Transfer For Laptop,Tablets,Smartphones & More, Black",Rs.  183,78.0,https://www.snapdeal.com/product/100w-fast-charging-30-usb/671911737777
"85W Fast Charger with 3-in-1 Charging Cable | Type-C, Micro USB & Lightning | Universal Quick Charging Adapter for Laptop, Smartphone, Tablet | Travel-Friendly Power Delivery Charger",Rs.  349,84.00000000000001,https://www.snapdeal.com/product/85w-fast-charger-with-3in1/624513511351
"HDMI to VGA Adapter/Converter 1080P for Projector, Computer, Laptop, TV",Rs.  196,78.0,https://www.snapdeal.com/product/hdmi-to-vga-adapterconverter-1080p/679327128104
American Pie Film series (9 Movies) only in English play only in Computer or Laptop HD Quality without Poster,Rs.  373,N/A,https://www.snapdeal.com/product/american-pie-film-series-9/649893431842
Magnique 6 Angles Adjustable Aluminum Foldable Portable Laptop Riser Stand for All Laptops (Silver),Rs.  294,76.0,https://www.snapdeal.com/product/magnique-metal-laptop-stand-pack/670009229089
"Super-Fast 67W Type-C Charger with USB-C to USB-C Cable | Universal PD Adapter for Mobile Phones, Tablets, and Laptops | Travel-Friendly & Efficient Charging",Rs.  376,80.0,https://www.snapdeal.com/product/superfast-67w-typec-charger-with/634067725406
Neonnest Laptop Table For Upto 38.1 cm (15) Brown,Rs.  444,90.0,https://www.snapdeal.com/product/neonnest-laptop-table-for-upto/654974699813
Abgrow Black PU Office Bag with 15.6 Inch Expandable Laptop Sleeve Messenger Bag,Rs.  441,82.0,https://www.snapdeal.com/product/abgrow-black-leather-office-bag/686864587670
Neonnest Laptop Table For Upto 35.56 cm (14) Black,Rs.  408,84.00000000000001,https://www.snapdeal.com/product/neonnest-laptop-table-for-upto/677371072167
"Conjuring 1 to 3 , Annabelle 1 to 3 & Evil Dead (7 Movies) Dual Audio Hindi & English both Play only in Computer or Laptop HD print without poster",Rs.  395,N/A,https://www.snapdeal.com/product/conjuring-1-to-3-annabelle/625961607928
OLIVEOPS Multicolor Matt - Finish Laptop Skin,Rs.  185,N/A,https://www.snapdeal.com/product/oliveops-multicolor-matt-finish-laptop/668982955590
Fifty Shades Film trilogy Series (3 Movies) in Hindi Play only in Computer or Laptop HD Quality without Poster,Rs.  313,20.0,https://www.snapdeal.com/product/fifty-shades-film-trilogy-series/639947824355
Braintastic Kids Laptop Computer Musical Learning & Educational Toy with Led Display & Music for Kids Age 3+ Years,Rs.  314,76.0,https://www.snapdeal.com/product/braintastic-kids-laptop-computer-musical/633532404423
Martucci 35 Ltrs Black Laptop Bags,Rs.  570,84.00000000000001,https://www.snapdeal.com/product/martucci-35-ltrs-black-laptop/663863040489
Shopper52 Laptop Table For Upto 40.64 cm (16) Black,Rs.  512,84.00000000000001,https://www.snapdeal.com/product/shopper52-laptop-table-for-upto/633110173965
"Lust Stories , Dance Bar , Mismatched , Four More Shots Please , Palang Tod , Hello Jee , XXX Uncensored , Virgin Bhasskar , Gandii Baat , Mastram (26 Movies) in Hindi Play only in Laptop or Computer HD print without poster",Rs.  573,N/A,https://www.snapdeal.com/product/lust-stories-dance-bar-mismatched/665564537410
Generic 30 Ltrs Brown Laptop Bags,Rs.  419,62.0,https://www.snapdeal.com/product/generic-30-ltrs-brown-laptop/636016522740
Braintastic Kids Laptop Computer Musical Learning & Educational Toy with Led Display & Music for Kids Age 3+ Years,Rs.  314,90.0,https://www.snapdeal.com/product/braintastic-kids-laptop-computer-musical/684824749879
DALUCI Gel Cleaner for Car Interior Dust Cleaner for Keyboard Computer Laptop Home Office Window Grill & Electronics Cleaning Gel - (Blue) (1),Rs.  114,74.0,https://www.snapdeal.com/product/daluci-gel-cleaner-for-car/674570013575
Gizga Essentials Black Laptop Sleeves,Rs.  86,90.0,https://www.snapdeal.com/product/gizga-essentials-black-laptop-sleeves/686410174615
"100W Fast Charging 3.0 USB Cable 4 Ft / 1.2M To 3-In-1 Long Charging Cord With Type C + Micro Usb + Lightning Connector 480 Mbps Data Transfer For Laptop,Tablets,Smartphones & More, Black",Rs.  183,78.0,https://www.snapdeal.com/product/100w-fast-charging-30-usb/671911737777
"85W Fast Charger with 3-in-1 Charging Cable | Type-C, Micro USB & Lightning | Universal Quick Charging Adapter for Laptop, Smartphone, Tablet | Travel-Friendly Power Delivery Charger",Rs.  349,84.00000000000001,https://www.snapdeal.com/product/85w-fast-charger-with-3in1/624513511351
Braintastic Kids Laptop Computer Musical Learning & Educational Toy with Led Display & Music for Kids Age 3+ Years,Rs.  314,76.0,https://www.snapdeal.com/product/braintastic-kids-laptop-computer-musical/633532404423
American Pie Film series (9 Movies) only in English play only in Computer or Laptop HD Quality without Poster,Rs.  373,N/A,https://www.snapdeal.com/product/american-pie-film-series-9/649893431842
"Super-Fast 67W Type-C Charger with USB-C to USB-C Cable | Universal PD Adapter for Mobile Phones, Tablets, and Laptops | Travel-Friendly & Efficient Charging",Rs.  376,80.0,https://www.snapdeal.com/product/superfast-67w-typec-charger-with/634067725406
Magnique 6 Angles Adjustable Aluminum Foldable Portable Laptop Riser Stand for All Laptops (Silver),Rs.  294,76.0,https://www.snapdeal.com/product/magnique-metal-laptop-stand-pack/670009229089
Neonnest Laptop Table For Upto 38.1 cm (15) Brown,Rs.  444,90.0,https://www.snapdeal.com/product/neonnest-laptop-table-for-upto/654974699813
Martucci 35 Ltrs Black Laptop Bags,Rs.  570,84.00000000000001,https://www.snapdeal.com/product/martucci-35-ltrs-black-laptop/663863040489
"Conjuring 1 to 3 , Annabelle 1 to 3 & Evil Dead (7 Movies) Dual Audio Hindi & English both Play only in Computer or Laptop HD print without poster",Rs.  395,N/A,https://www.snapdeal.com/product/conjuring-1-to-3-annabelle/625961607928
Fifty Shades Film trilogy Series (3 Movies) in Hindi Play only in Computer or Laptop HD Quality without Poster,Rs.  313,20.0,https://www.snapdeal.com/product/fifty-shades-film-trilogy-series/639947824355
Shopper52 Laptop Table For Upto 40.64 cm (16) Black,Rs.  512,84.00000000000001,https://www.snapdeal.com/product/shopper52-laptop-table-for-upto/633110173965
Abgrow Black PU Office Bag with 15.6 Inch Expandable Laptop Sleeve Messenger Bag,Rs.  441,82.0,https://www.snapdeal.com/product/abgrow-black-leather-office-bag/686864587670
OLIVEOPS Multicolor Matt - Finish Laptop Skin,Rs.  185,N/A,https://www.snapdeal.com/product/oliveops-multicolor-matt-finish-laptop/668982955590
"HDMI to VGA Adapter/Converter 1080P for Projector, Computer, Laptop, TV",Rs.  196,78.0,https://www.snapdeal.com/product/hdmi-to-vga-adapterconverter-1080p/679327128104
Raylan Brown Leather Office Bag,Rs.  698,78.0,https://www.snapdeal.com/product/raylan-brown-leather-office-bag/660599537065
Neonnest Laptop Table For Upto 35.56 cm (14) Black,Rs.  408,84.00000000000001,https://www.snapdeal.com/product/neonnest-laptop-table-for-upto/677371072167
Crust Laptop Charger / Inverter N80 Black,Rs.  1382,92.0,https://www.snapdeal.com/product/crust-laptop-charger-inverter-n80/686155959550
"Samrat Prithviraj , Bhool Bhulaiyaa 2 , Rocketry , Major , Runway 34 , Mere Desh Ki Dharti , Janhit Mein Jaari , Jaadugar , Jersey , Ardh , Jugjugg Jeeyo , Radhe Shyam (12 Movies) in Hindi Play only in Computer or Laptop HD Print without poster",Rs.  413,N/A,https://www.snapdeal.com/product/samrat-prithviraj-bhool-bhulaiyaa-2/649989984893
CLUCI 27 Ltrs Grey Laptop Bags,Rs.  455,84.00000000000001,https://www.snapdeal.com/product/cluci-27-ltrs-maroon-laptop/684517739844
"100W Fast Charging 3.0 USB Cable 4 Ft / 1.2M To 3-In-1 Long Charging Cord With Type C + Micro Usb + Lightning Connector 480 Mbps Data Transfer For Laptop,Tablets,Smartphones & More, Black",Rs.  183,78.0,https://www.snapdeal.com/product/100w-fast-charging-30-usb/671911737777
Gizga Essentials Black Laptop Sleeves,Rs.  86,90.0,https://www.snapdeal.com/product/gizga-essentials-black-laptop-sleeves/686410174615
"85W Fast Charger with 3-in-1 Charging Cable | Type-C, Micro USB & Lightning | Universal Quick Charging Adapter for Laptop, Smartphone, Tablet | Travel-Friendly Power Delivery Charger",Rs.  349,84.00000000000001,https://www.snapdeal.com/product/85w-fast-charger-with-3in1/624513511351
Fifty Shades Film trilogy Series (3 Movies) in Hindi Play only in Computer or Laptop HD Quality without Poster,Rs.  313,20.0,https://www.snapdeal.com/product/fifty-shades-film-trilogy-series/639947824355
American Pie Film series (9 Movies) only in English play only in Computer or Laptop HD Quality without Poster,Rs.  373,N/A,https://www.snapdeal.com/product/american-pie-film-series-9/649893431842
Neonnest Laptop Table For Upto 35.56 cm (14) Black,Rs.  408,84.00000000000001,https://www.snapdeal.com/product/neonnest-laptop-table-for-upto/677371072167
"HDMI to VGA Adapter/Converter 1080P for Projector, Computer, Laptop, TV",Rs.  196,78.0,https://www.snapdeal.com/product/hdmi-to-vga-adapterconverter-1080p/679327128104
Martucci 35 Ltrs Black Laptop Bags,Rs.  570,84.00000000000001,https://www.snapdeal.com/product/martucci-35-ltrs-black-laptop/663863040489
"Super-Fast 67W Type-C Charger with USB-C to USB-C Cable | Universal PD Adapter for Mobile Phones, Tablets, and Laptops | Travel-Friendly & Efficient Charging",Rs.  376,80.0,https://www.snapdeal.com/product/superfast-67w-typec-charger-with/634067725406
OLIVEOPS Multicolor Matt - Finish Laptop Skin,Rs.  185,N/A,https://www.snapdeal.com/product/oliveops-multicolor-matt-finish-laptop/668982955590
Neonnest Laptop Table For Upto 38.1 cm (15) Brown,Rs.  444,90.0,https://www.snapdeal.com/product/neonnest-laptop-table-for-upto/654974699813
Braintastic Kids Laptop Computer Musical Learning & Educational Toy with Led Display & Music for Kids Age 3+ Years,Rs.  314,76.0,https://www.snapdeal.com/product/braintastic-kids-laptop-computer-musical/633532404423
"Conjuring 1 to 3 , Annabelle 1 to 3 & Evil Dead (7 Movies) Dual Audio Hindi & English both Play only in Computer or Laptop HD print without poster",Rs.  395,N/A,https://www.snapdeal.com/product/conjuring-1-to-3-annabelle/625961607928
Shopper52 Laptop Table For Upto 40.64 cm (16) Black,Rs.  512,84.00000000000001,https://www.snapdeal.com/product/shopper52-laptop-table-for-upto/633110173965
Magnique 6 Angles Adjustable Aluminum Foldable Portable Laptop Riser Stand for All Laptops (Silver),Rs.  294,76.0,https://www.snapdeal.com/product/magnique-metal-laptop-stand-pack/670009229089
Abgrow Black PU Office Bag with 15.6 Inch Expandable Laptop Sleeve Messenger Bag,Rs.  441,82.0,https://www.snapdeal.com/product/abgrow-black-leather-office-bag/686864587670
"Samrat Prithviraj , Bhool Bhulaiyaa 2 , Rocketry , Major , Runway 34 , Mere Desh Ki Dharti , Janhit Mein Jaari , Jaadugar , Jersey , Ardh , Jugjugg Jeeyo , Radhe Shyam (12 Movies) in Hindi Play only in Computer or Laptop HD Print without poster",Rs.  413,N/A,https://www.snapdeal.com/product/samrat-prithviraj-bhool-bhulaiyaa-2/649989984893
Generic 30 Ltrs Brown Laptop Bags,Rs.  419,62.0,https://www.snapdeal.com/product/generic-30-ltrs-brown-laptop/636016522740
CLUCI 27 Ltrs Grey Laptop Bags,Rs.  455,84.00000000000001,https://www.snapdeal.com/product/cluci-27-ltrs-maroon-laptop/684517739844
Braintastic Kids Laptop Computer Musical Learning & Educational Toy with Led Display & Music for Kids Age 3+ Years,Rs.  314,90.0,https://www.snapdeal.com/product/braintastic-kids-laptop-computer-musical/684824749879
"100W Fast Charging 3.0 USB Cable 4 Ft / 1.2M To 3-In-1 Long Charging Cord With Type C + Micro Usb + Lightning Connector 480 Mbps Data Transfer For Laptop,Tablets,Smartphones & More, Black",Rs.  183,78.0,https://www.snapdeal.com/product/100w-fast-charging-30-usb/671911737777
Gizga Essentials Black Laptop Sleeves,Rs.  86,90.0,https://www.snapdeal.com/product/gizga-essentials-black-laptop-sleeves/686410174615
"85W Fast Charger with 3-in-1 Charging Cable | Type-C, Micro USB & Lightning | Universal Quick Charging Adapter for Laptop, Smartphone, Tablet | Travel-Friendly Power Delivery Charger",Rs.  349,84.00000000000001,https://www.snapdeal.com/product/85w-fast-charger-with-3in1/624513511351
"Super-Fast 67W Type-C Charger with USB-C to USB-C Cable | Universal PD Adapter for Mobile Phones, Tablets, and Laptops | Travel-Friendly & Efficient Charging",Rs.  376,80.0,https://www.snapdeal.com/product/superfast-67w-typec-charger-with/634067725406
OLIVEOPS Multicolor Matt - Finish Laptop Skin,Rs.  185,N/A,https://www.snapdeal.com/product/oliveops-multicolor-matt-finish-laptop/668982955590
Magnique 6 Angles Adjustable Aluminum Foldable Portable Laptop Riser Stand for All Laptops (Silver),Rs.  294,76.0,https://www.snapdeal.com/product/magnique-metal-laptop-stand-pack/670009229089
Neonnest Laptop Table For Upto 35.56 cm (14) Black,Rs.  408,84.00000000000001,https://www.snapdeal.com/product/neonnest-laptop-table-for-upto/677371072167
"HDMI to VGA Adapter/Converter 1080P for Projector, Computer, Laptop, TV",Rs.  196,78.0,https://www.snapdeal.com/product/hdmi-to-vga-adapterconverter-1080p/679327128104
Abgrow Black PU Office Bag with 15.6 Inch Expandable Laptop Sleeve Messenger Bag,Rs.  441,82.0,https://www.snapdeal.com/product/abgrow-black-leather-office-bag/686864587670
American Pie Film series (9 Movies) only in English play only in Computer or Laptop HD Quality without Poster,Rs.  373,N/A,https://www.snapdeal.com/product/american-pie-film-series-9/649893431842
Fifty Shades Film trilogy Series (3 Movies) in Hindi Play only in Computer or Laptop HD Quality without Poster,Rs.  313,20.0,https://www.snapdeal.com/product/fifty-shades-film-trilogy-series/639947824355
Martucci 35 Ltrs Black Laptop Bags,Rs.  570,84.00000000000001,https://www.snapdeal.com/product/martucci-35-ltrs-black-laptop/663863040489
Raylan Brown Leather Office Bag,Rs.  698,78.0,https://www.snapdeal.com/product/raylan-brown-leather-office-bag/660599537065
"Conjuring 1 to 3 , Annabelle 1 to 3 & Evil Dead (7 Movies) Dual Audio Hindi & English both Play only in Computer or Laptop HD print without poster",Rs.  395,N/A,https://www.snapdeal.com/product/conjuring-1-to-3-annabelle/625961607928
Shopper52 Laptop Table For Upto 40.64 cm (16) Black,Rs.  512,84.00000000000001,https://www.snapdeal.com/product/shopper52-laptop-table-for-upto/633110173965
Crust Laptop Charger / Inverter N80 Black,Rs.  1382,92.0,https://www.snapdeal.com/product/crust-laptop-charger-inverter-n80/686155959550
Neonnest Laptop Table For Upto 38.1 cm (15) Brown,Rs.  444,90.0,https://www.snapdeal.com/product/neonnest-laptop-table-for-upto/654974699813
Generic 30 Ltrs Brown Laptop Bags,Rs.  419,62.0,https://www.snapdeal.com/product/generic-30-ltrs-brown-laptop/636016522740
"Saw, Hills Have Eyes, Evil Dead, Wrong Turn, Hostel, Don't Breathe 2 etc total 38 Movies Play only in Computer or Laptop without poster HD print Quality for Movies Name & Audio see in Product Picture",Rs.  773,N/A,https://www.snapdeal.com/product/saw-hills-have-eyes-evil/661905375612
Braintastic Kids Laptop Computer Musical Learning & Educational Toy with Led Display & Music for Kids Age 3+ Years,Rs.  314,90.0,https://www.snapdeal.com/product/braintastic-kids-laptop-computer-musical/684824749879
"100W Fast Charging 3.0 USB Cable 4 Ft / 1.2M To 3-In-1 Long Charging Cord With Type C + Micro Usb + Lightning Connector 480 Mbps Data Transfer For Laptop,Tablets,Smartphones & More, Black",Rs.  183,78.0,https://www.snapdeal.com/product/100w-fast-charging-30-usb/671911737777
Gizga Essentials Black Laptop Sleeves,Rs.  86,90.0,https://www.snapdeal.com/product/gizga-essentials-black-laptop-sleeves/686410174615
"85W Fast Charger with 3-in-1 Charging Cable | Type-C, Micro USB & Lightning | Universal Quick Charging Adapter for Laptop, Smartphone, Tablet | Travel-Friendly Power Delivery Charger",Rs.  349,84.00000000000001,https://www.snapdeal.com/product/85w-fast-charger-with-3in1/624513511351
"HDMI to VGA Adapter/Converter 1080P for Projector, Computer, Laptop, TV",Rs.  196,78.0,https://www.snapdeal.com/product/hdmi-to-vga-adapterconverter-1080p/679327128104
American Pie Film series (9 Movies) only in English play only in Computer or Laptop HD Quality without Poster,Rs.  373,N/A,https://www.snapdeal.com/product/american-pie-film-series-9/649893431842
"Super-Fast 67W Type-C Charger with USB-C to USB-C Cable | Universal PD Adapter for Mobile Phones, Tablets, and Laptops | Travel-Friendly & Efficient Charging",Rs.  376,80.0,https://www.snapdeal.com/product/superfast-67w-typec-charger-with/634067725406
Fifty Shades Film trilogy Series (3 Movies) in Hindi Play only in Computer or Laptop HD Quality without Poster,Rs.  313,20.0,https://www.snapdeal.com/product/fifty-shades-film-trilogy-series/639947824355
Neonnest Laptop Table For Upto 38.1 cm (15) Brown,Rs.  444,90.0,https://www.snapdeal.com/product/neonnest-laptop-table-for-upto/654974699813
Raylan Brown Leather Office Bag,Rs.  698,78.0,https://www.snapdeal.com/product/raylan-brown-leather-office-bag/660599537065
OLIVEOPS Multicolor Matt - Finish Laptop Skin,Rs.  185,N/A,https://www.snapdeal.com/product/oliveops-multicolor-matt-finish-laptop/668982955590
Magnique 6 Angles Adjustable Aluminum Foldable Portable Laptop Riser Stand for All Laptops (Silver),Rs.  294,76.0,https://www.snapdeal.com/product/magnique-metal-laptop-stand-pack/670009229089
CLUCI 27 Ltrs Grey Laptop Bags,Rs.  455,84.00000000000001,https://www.snapdeal.com/product/cluci-27-ltrs-maroon-laptop/684517739844
Abgrow Black PU Office Bag with 15.6 Inch Expandable Laptop Sleeve Messenger Bag,Rs.  441,82.0,https://www.snapdeal.com/product/abgrow-black-leather-office-bag/686864587670
"Conjuring 1 to 3 , Annabelle 1 to 3 & Evil Dead (7 Movies) Dual Audio Hindi & English both Play only in Computer or Laptop HD print without poster",Rs.  395,N/A,https://www.snapdeal.com/product/conjuring-1-to-3-annabelle/625961607928
Martucci 35 Ltrs Black Laptop Bags,Rs.  570,84.00000000000001,https://www.snapdeal.com/product/martucci-35-ltrs-black-laptop/663863040489
Crust Laptop Charger / Inverter N80 Black,Rs.  1382,92.0,https://www.snapdeal.com/product/crust-laptop-charger-inverter-n80/686155959550
Shopper52 Laptop Table For Upto 40.64 cm (16) Black,Rs.  512,84.00000000000001,https://www.snapdeal.com/product/shopper52-laptop-table-for-upto/633110173965
Braintastic Kids Laptop Computer Musical Learning & Educational Toy with Led Display & Music for Kids Age 3+ Years,Rs.  314,76.0,https://www.snapdeal.com/product/braintastic-kids-laptop-computer-musical/633532404423
James Bond Series ( 23 Movies Pack name see in Description ) in Hindi & English Both HD Quality play only in computer or laptop not in DVD or CD player (without poster),Rs.  533,N/A,https://www.snapdeal.com/product/james-bond-series-23-movies/660336071618
Generic 30 Ltrs Brown Laptop Bags,Rs.  419,62.0,https://www.snapdeal.com/product/generic-30-ltrs-brown-laptop/636016522740
Gizga Essentials Black Laptop Sleeves,Rs.  86,90.0,https://www.snapdeal.com/product/gizga-essentials-black-laptop-sleeves/686410174615
"100W Fast Charging 3.0 USB Cable 4 Ft / 1.2M To 3-In-1 Long Charging Cord With Type C + Micro Usb + Lightning Connector 480 Mbps Data Transfer For Laptop,Tablets,Smartphones & More, Black",Rs.  183,78.0,https://www.snapdeal.com/product/100w-fast-charging-30-usb/671911737777
"85W Fast Charger with 3-in-1 Charging Cable | Type-C, Micro USB & Lightning | Universal Quick Charging Adapter for Laptop, Smartphone, Tablet | Travel-Friendly Power Delivery Charger",Rs.  349,84.00000000000001,https://www.snapdeal.com/product/85w-fast-charger-with-3in1/624513511351
"HDMI to VGA Adapter/Converter 1080P for Projector, Computer, Laptop, TV",Rs.  196,78.0,https://www.snapdeal.com/product/hdmi-to-vga-adapterconverter-1080p/679327128104
OLIVEOPS Multicolor Matt - Finish Laptop Skin,Rs.  185,N/A,https://www.snapdeal.com/product/oliveops-multicolor-matt-finish-laptop/668982955590
Martucci 35 Ltrs Black Laptop Bags,Rs.  570,84.00000000000001,https://www.snapdeal.com/product/martucci-35-ltrs-black-laptop/663863040489
Fifty Shades Film trilogy Series (3 Movies) in Hindi Play only in Computer or Laptop HD Quality without Poster,Rs.  313,20.0,https://www.snapdeal.com/product/fifty-shades-film-trilogy-series/639947824355
Neonnest Laptop Table For Upto 38.1 cm (15) Brown,Rs.  444,90.0,https://www.snapdeal.com/product/neonnest-laptop-table-for-upto/654974699813
American Pie Film series (9 Movies) only in English play only in Computer or Laptop HD Quality without Poster,Rs.  373,N/A,https://www.snapdeal.com/product/american-pie-film-series-9/649893431842
"Super-Fast 67W Type-C Charger with USB-C to USB-C Cable | Universal PD Adapter for Mobile Phones, Tablets, and Laptops | Travel-Friendly & Efficient Charging",Rs.  376,80.0,https://www.snapdeal.com/product/superfast-67w-typec-charger-with/634067725406
Neonnest Laptop Table For Upto 35.56 cm (14) Black,Rs.  408,84.00000000000001,https://www.snapdeal.com/product/neonnest-laptop-table-for-upto/677371072167
Braintastic Kids Laptop Computer Musical Learning & Educational Toy with Led Display & Music for Kids Age 3+ Years,Rs.  314,76.0,https://www.snapdeal.com/product/braintastic-kids-laptop-computer-musical/633532404423
"Conjuring 1 to 3 , Annabelle 1 to 3 & Evil Dead (7 Movies) Dual Audio Hindi & English both Play only in Computer or Laptop HD print without poster",Rs.  395,N/A,https://www.snapdeal.com/product/conjuring-1-to-3-annabelle/625961607928
Abgrow Black PU Office Bag with 15.6 Inch Expandable Laptop Sleeve Messenger Bag,Rs.  441,82.0,https://www.snapdeal.com/product/abgrow-black-leather-office-bag/686864587670
Magnique 6 Angles Adjustable Aluminum Foldable Portable Laptop Riser Stand for All Laptops (Silver),Rs.  294,76.0,https://www.snapdeal.com/product/magnique-metal-laptop-stand-pack/670009229089
Generic 30 Ltrs Brown Laptop Bags,Rs.  419,62.0,https://www.snapdeal.com/product/generic-30-ltrs-brown-laptop/636016522740
"Samrat Prithviraj , Bhool Bhulaiyaa 2 , Rocketry , Major , Runway 34 , Mere Desh Ki Dharti , Janhit Mein Jaari , Jaadugar , Jersey , Ardh , Jugjugg Jeeyo , Radhe Shyam (12 Movies) in Hindi Play only in Computer or Laptop HD Print without poster",Rs.  413,N/A,https://www.snapdeal.com/product/samrat-prithviraj-bhool-bhulaiyaa-2/649989984893
Shopper52 Laptop Table For Upto 40.64 cm (16) Black,Rs.  512,84.00000000000001,https://www.snapdeal.com/product/shopper52-laptop-table-for-upto/633110173965
DALUCI Gel Cleaner for Car Interior Dust Cleaner for Keyboard Computer Laptop Home Office Window Grill & Electronics Cleaning Gel - (Blue) (1),Rs.  114,74.0,https://www.snapdeal.com/product/daluci-gel-cleaner-for-car/674570013575
Braintastic Kids Laptop Computer Musical Learning & Educational Toy with Led Display & Music for Kids Age 3+ Years,Rs.  314,90.0,https://www.snapdeal.com/product/braintastic-kids-laptop-computer-musical/684824749879
Gizga Essentials Black Laptop Sleeves,Rs.  86,90.0,https://www.snapdeal.com/product/gizga-essentials-black-laptop-sleeves/686410174615
"100W Fast Charging 3.0 USB Cable 4 Ft / 1.2M To 3-In-1 Long Charging Cord With Type C + Micro Usb + Lightning Connector 480 Mbps Data Transfer For Laptop,Tablets,Smartphones & More, Black",Rs.  183,78.0,https://www.snapdeal.com/product/100w-fast-charging-30-usb/671911737777
"85W Fast Charger with 3-in-1 Charging Cable | Type-C, Micro USB & Lightning | Universal Quick Charging Adapter for Laptop, Smartphone, Tablet | Travel-Friendly Power Delivery Charger",Rs.  349,84.00000000000001,https://www.snapdeal.com/product/85w-fast-charger-with-3in1/624513511351
Neonnest Laptop Table For Upto 35.56 cm (14) Black,Rs.  408,84.00000000000001,https://www.snapdeal.com/product/neonnest-laptop-table-for-upto/677371072167
OLIVEOPS Multicolor Matt - Finish Laptop Skin,Rs.  185,N/A,https://www.snapdeal.com/product/oliveops-multicolor-matt-finish-laptop/668982955590
Fifty Shades Film trilogy Series (3 Movies) in Hindi Play only in Computer or Laptop HD Quality without Poster,Rs.  313,20.0,https://www.snapdeal.com/product/fifty-shades-film-trilogy-series/639947824355
"HDMI to VGA Adapter/Converter 1080P for Projector, Computer, Laptop, TV",Rs.  196,78.0,https://www.snapdeal.com/product/hdmi-to-vga-adapterconverter-1080p/679327128104
Abgrow Black PU Office Bag with 15.6 Inch Expandable Laptop Sleeve Messenger Bag,Rs.  441,82.0,https://www.snapdeal.com/product/abgrow-black-leather-office-bag/686864587670
Martucci 35 Ltrs Black Laptop Bags,Rs.  570,84.00000000000001,https://www.snapdeal.com/product/martucci-35-ltrs-black-laptop/663863040489
American Pie Film series (9 Movies) only in English play only in Computer or Laptop HD Quality without Poster,Rs.  373,N/A,https://www.snapdeal.com/product/american-pie-film-series-9/649893431842
Neonnest Laptop Table For Upto 38.1 cm (15) Brown,Rs.  444,90.0,https://www.snapdeal.com/product/neonnest-laptop-table-for-upto/654974699813
"Super-Fast 67W Type-C Charger with USB-C to USB-C Cable | Universal PD Adapter for Mobile Phones, Tablets, and Laptops | Travel-Friendly & Efficient Charging",Rs.  376,80.0,https://www.snapdeal.com/product/superfast-67w-typec-charger-with/634067725406
"Conjuring 1 to 3 , Annabelle 1 to 3 & Evil Dead (7 Movies) Dual Audio Hindi & English both Play only in Computer or Laptop HD print without poster",Rs.  395,N/A,https://www.snapdeal.com/product/conjuring-1-to-3-annabelle/625961607928
Magnique 6 Angles Adjustable Aluminum Foldable Portable Laptop Riser Stand for All Laptops (Silver),Rs.  294,76.0,https://www.snapdeal.com/product/magnique-metal-laptop-stand-pack/670009229089
Shopper52 Laptop Table For Upto 40.64 cm (16) Black,Rs.  512,84.00000000000001,https://www.snapdeal.com/product/shopper52-laptop-table-for-upto/633110173965
Braintastic Kids Laptop Computer Musical Learning & Educational Toy with Led Display & Music for Kids Age 3+ Years,Rs.  314,76.0,https://www.snapdeal.com/product/braintastic-kids-laptop-computer-musical/633532404423
James Bond Series ( 23 Movies Pack name see in Description ) in Hindi & English Both HD Quality play only in computer or laptop not in DVD or CD player (without poster),Rs.  533,N/A,https://www.snapdeal.com/product/james-bond-series-23-movies/660336071618
DALUCI Gel Cleaner for Car Interior Dust Cleaner for Keyboard Computer Laptop Home Office Window Grill & Electronics Cleaning Gel - (Blue) (1),Rs.  114,74.0,https://www.snapdeal.com/product/daluci-gel-cleaner-for-car/674570013575
Braintastic Kids Laptop Computer Musical Learning & Educational Toy with Led Display & Music for Kids Age 3+ Years,Rs.  314,90.0,https://www.snapdeal.com/product/braintastic-kids-laptop-computer-musical/684824749879
Generic 30 Ltrs Brown Laptop Bags,Rs.  419,62.0,https://www.snapdeal.com/product/generic-30-ltrs-brown-laptop/636016522740
Gizga Essentials Black Laptop Sleeves,Rs.  86,90.0,https://www.snapdeal.com/product/gizga-essentials-black-laptop-sleeves/686410174615
"100W Fast Charging 3.0 USB Cable 4 Ft / 1.2M To 3-In-1 Long Charging Cord With Type C + Micro Usb + Lightning Connector 480 Mbps Data Transfer For Laptop,Tablets,Smartphones & More, Black",Rs.  183,78.0,https://www.snapdeal.com/product/100w-fast-charging-30-usb/671911737777
"85W Fast Charger with 3-in-1 Charging Cable | Type-C, Micro USB & Lightning | Universal Quick Charging Adapter for Laptop, Smartphone, Tablet | Travel-Friendly Power Delivery Charger",Rs.  349,84.00000000000001,https://www.snapdeal.com/product/85w-fast-charger-with-3in1/624513511351
Neonnest Laptop Table For Upto 35.56 cm (14) Black,Rs.  408,84.00000000000001,https://www.snapdeal.com/product/neonnest-laptop-table-for-upto/677371072167
OLIVEOPS Multicolor Matt - Finish Laptop Skin,Rs.  185,N/A,https://www.snapdeal.com/product/oliveops-multicolor-matt-finish-laptop/668982955590
"HDMI to VGA Adapter/Converter 1080P for Projector, Computer, Laptop, TV",Rs.  196,78.0,https://www.snapdeal.com/product/hdmi-to-vga-adapterconverter-1080p/679327128104
Braintastic Kids Laptop Computer Musical Learning & Educational Toy with Led Display & Music for Kids Age 3+ Years,Rs.  314,76.0,https://www.snapdeal.com/product/braintastic-kids-laptop-computer-musical/633532404423
"Super-Fast 67W Type-C Charger with USB-C to USB-C Cable | Universal PD Adapter for Mobile Phones, Tablets, and Laptops | Travel-Friendly & Efficient Charging",Rs.  376,80.0,https://www.snapdeal.com/product/superfast-67w-typec-charger-with/634067725406
CLUCI 27 Ltrs Grey Laptop Bags,Rs.  455,84.00000000000001,https://www.snapdeal.com/product/cluci-27-ltrs-maroon-laptop/684517739844
American Pie Film series (9 Movies) only in English play only in Computer or Laptop HD Quality without Poster,Rs.  373,N/A,https://www.snapdeal.com/product/american-pie-film-series-9/649893431842
Fifty Shades Film trilogy Series (3 Movies) in Hindi Play only in Computer or Laptop HD Quality without Poster,Rs.  313,20.0,https://www.snapdeal.com/product/fifty-shades-film-trilogy-series/639947824355
Martucci 35 Ltrs Black Laptop Bags,Rs.  570,84.00000000000001,https://www.snapdeal.com/product/martucci-35-ltrs-black-laptop/663863040489
Crust Laptop Charger / Inverter N80 Black,Rs.  1382,92.0,https://www.snapdeal.com/product/crust-laptop-charger-inverter-n80/686155959550
"Conjuring 1 to 3 , Annabelle 1 to 3 & Evil Dead (7 Movies) Dual Audio Hindi & English both Play only in Computer or Laptop HD print without poster",Rs.  395,N/A,https://www.snapdeal.com/product/conjuring-1-to-3-annabelle/625961607928
Magnique 6 Angles Adjustable Aluminum Foldable Portable Laptop Riser Stand for All Laptops (Silver),Rs.  294,76.0,https://www.snapdeal.com/product/magnique-metal-laptop-stand-pack/670009229089
Raylan Brown Leather Office Bag,Rs.  698,78.0,https://www.snapdeal.com/product/raylan-brown-leather-office-bag/660599537065
Shopper52 Laptop Table For Upto 40.64 cm (16) Black,Rs.  512,84.00000000000001,https://www.snapdeal.com/product/shopper52-laptop-table-for-upto/633110173965
Abgrow Black PU Office Bag with 15.6 Inch Expandable Laptop Sleeve Messenger Bag,Rs.  441,82.0,https://www.snapdeal.com/product/abgrow-black-leather-office-bag/686864587670
"Saw, Hills Have Eyes, Evil Dead, Wrong Turn, Hostel, Don't Breathe 2 etc total 38 Movies Play only in Computer or Laptop without poster HD print Quality for Movies Name & Audio see in Product Picture",Rs.  773,N/A,https://www.snapdeal.com/product/saw-hills-have-eyes-evil/661905375612
Generic 30 Ltrs Brown Laptop Bags,Rs.  419,62.0,https://www.snapdeal.com/product/generic-30-ltrs-brown-laptop/636016522740
Gizga Essentials Black Laptop Sleeves,Rs.  86,90.0,https://www.snapdeal.com/product/gizga-essentials-black-laptop-sleeves/686410174615
"100W Fast Charging 3.0 USB Cable 4 Ft / 1.2M To 3-In-1 Long Charging Cord With Type C + Micro Usb + Lightning Connector 480 Mbps Data Transfer For Laptop,Tablets,Smartphones & More, Black",Rs.  183,78.0,https://www.snapdeal.com/product/100w-fast-charging-30-usb/671911737777
"85W Fast Charger with 3-in-1 Charging Cable | Type-C, Micro USB & Lightning | Universal Quick Charging Adapter for Laptop, Smartphone, Tablet | Travel-Friendly Power Delivery Charger",Rs.  349,84.00000000000001,https://www.snapdeal.com/product/85w-fast-charger-with-3in1/624513511351
"HDMI to VGA Adapter/Converter 1080P for Projector, Computer, Laptop, TV",Rs.  196,78.0,https://www.snapdeal.com/product/hdmi-to-vga-adapterconverter-1080p/679327128104
OLIVEOPS Multicolor Matt - Finish Laptop Skin,Rs.  185,N/A,https://www.snapdeal.com/product/oliveops-multicolor-matt-finish-laptop/668982955590
"Super-Fast 67W Type-C Charger with USB-C to USB-C Cable | Universal PD Adapter for Mobile Phones, Tablets, and Laptops | Travel-Friendly & Efficient Charging",Rs.  376,80.0,https://www.snapdeal.com/product/superfast-67w-typec-charger-with/634067725406
Neonnest Laptop Table For Upto 35.56 cm (14) Black,Rs.  408,84.00000000000001,https://www.snapdeal.com/product/neonnest-laptop-table-for-upto/677371072167
Fifty Shades Film trilogy Series (3 Movies) in Hindi Play only in Computer or Laptop HD Quality without Poster,Rs.  313,20.0,https://www.snapdeal.com/product/fifty-shades-film-trilogy-series/639947824355
Crust Laptop Charger / Inverter N80 Black,Rs.  1382,92.0,https://www.snapdeal.com/product/crust-laptop-charger-inverter-n80/686155959550
American Pie Film series (9 Movies) only in English play only in Computer or Laptop HD Quality without Poster,Rs.  373,N/A,https://www.snapdeal.com/product/american-pie-film-series-9/649893431842
Martucci 35 Ltrs Black Laptop Bags,Rs.  570,84.00000000000001,https://www.snapdeal.com/product/martucci-35-ltrs-black-laptop/663863040489
Shopper52 Laptop Table For Upto 40.64 cm (16) Black,Rs.  512,84.00000000000001,https://www.snapdeal.com/product/shopper52-laptop-table-for-upto/633110173965
Neonnest Laptop Table For Upto 38.1 cm (15) Brown,Rs.  444,90.0,https://www.snapdeal.com/product/neonnest-laptop-table-for-upto/654974699813
"Conjuring 1 to 3 , Annabelle 1 to 3 & Evil Dead (7 Movies) Dual Audio Hindi & English both Play only in Computer or Laptop HD print without poster",Rs.  395,N/A,https://www.snapdeal.com/product/conjuring-1-to-3-annabelle/625961607928
Abgrow Black PU Office Bag with 15.6 Inch Expandable Laptop Sleeve Messenger Bag,Rs.  441,82.0,https://www.snapdeal.com/product/abgrow-black-leather-office-bag/686864587670
Magnique 6 Angles Adjustable Aluminum Foldable Portable Laptop Riser Stand for All Laptops (Silver),Rs.  294,76.0,https://www.snapdeal.com/product/magnique-metal-laptop-stand-pack/670009229089
Raylan Brown Leather Office Bag,Rs.  698,78.0,https://www.snapdeal.com/product/raylan-brown-leather-office-bag/660599537065
Braintastic Kids Laptop Computer Musical Learning & Educational Toy with Led Display & Music for Kids Age 3+ Years,Rs.  314,76.0,https://www.snapdeal.com/product/braintastic-kids-laptop-computer-musical/633532404423
"Saw, Hills Have Eyes, Evil Dead, Wrong Turn, Hostel, Don't Breathe 2 etc total 38 Movies Play only in Computer or Laptop without poster HD print Quality for Movies Name & Audio see in Product Picture",Rs.  773,N/A,https://www.snapdeal.com/product/saw-hills-have-eyes-evil/661905375612
Generic 30 Ltrs Brown Laptop Bags,Rs.  419,62.0,https://www.snapdeal.com/product/generic-30-ltrs-brown-laptop/636016522740
"100W Fast Charging 3.0 USB Cable 4 Ft / 1.2M To 3-In-1 Long Charging Cord With Type C + Micro Usb + Lightning Connector 480 Mbps Data Transfer For Laptop,Tablets,Smartphones & More, Black",Rs.  183,78.0,https://www.snapdeal.com/product/100w-fast-charging-30-usb/671911737777
Gizga Essentials Black Laptop Sleeves,Rs.  86,90.0,https://www.snapdeal.com/product/gizga-essentials-black-laptop-sleeves/686410174615
"85W Fast Charger with 3-in-1 Charging Cable | Type-C, Micro USB & Lightning | Universal Quick Charging Adapter for Laptop, Smartphone, Tablet | Travel-Friendly Power Delivery Charger",Rs.  349,84.00000000000001,https://www.snapdeal.com/product/85w-fast-charger-with-3in1/624513511351
"HDMI to VGA Adapter/Converter 1080P for Projector, Computer, Laptop, TV",Rs.  196,78.0,https://www.snapdeal.com/product/hdmi-to-vga-adapterconverter-1080p/679327128104
Martucci 35 Ltrs Black Laptop Bags,Rs.  570,84.00000000000001,https://www.snapdeal.com/product/martucci-35-ltrs-black-laptop/663863040489
OLIVEOPS Multicolor Matt - Finish Laptop Skin,Rs.  185,N/A,https://www.snapdeal.com/product/oliveops-multicolor-matt-finish-laptop/668982955590
Braintastic Kids Laptop Computer Musical Learning & Educational Toy with Led Display & Music for Kids Age 3+ Years,Rs.  314,76.0,https://www.snapdeal.com/product/braintastic-kids-laptop-computer-musical/633532404423
Neonnest Laptop Table For Upto 38.1 cm (15) Brown,Rs.  444,90.0,https://www.snapdeal.com/product/neonnest-laptop-table-for-upto/654974699813
Fifty Shades Film trilogy Series (3 Movies) in Hindi Play only in Computer or Laptop HD Quality without Poster,Rs.  313,20.0,https://www.snapdeal.com/product/fifty-shades-film-trilogy-series/639947824355
American Pie Film series (9 Movies) only in English play only in Computer or Laptop HD Quality without Poster,Rs.  373,N/A,https://www.snapdeal.com/product/american-pie-film-series-9/649893431842
Magnique 6 Angles Adjustable Aluminum Foldable Portable Laptop Riser Stand for All Laptops (Silver),Rs.  294,76.0,https://www.snapdeal.com/product/magnique-metal-laptop-stand-pack/670009229089
CLUCI 27 Ltrs Grey Laptop Bags,Rs.  455,84.00000000000001,https://www.snapdeal.com/product/cluci-27-ltrs-maroon-laptop/684517739844
"Super-Fast 67W Type-C Charger with USB-C to USB-C Cable | Universal PD Adapter for Mobile Phones, Tablets, and Laptops | Travel-Friendly & Efficient Charging",Rs.  376,80.0,https://www.snapdeal.com/product/superfast-67w-typec-charger-with/634067725406
"Conjuring 1 to 3 , Annabelle 1 to 3 & Evil Dead (7 Movies) Dual Audio Hindi & English both Play only in Computer or Laptop HD print without poster",Rs.  395,N/A,https://www.snapdeal.com/product/conjuring-1-to-3-annabelle/625961607928
Abgrow Black PU Office Bag with 15.6 Inch Expandable Laptop Sleeve Messenger Bag,Rs.  441,82.0,https://www.snapdeal.com/product/abgrow-black-leather-office-bag/686864587670
Crust Laptop Charger / Inverter N80 Black,Rs.  1382,92.0,https://www.snapdeal.com/product/crust-laptop-charger-inverter-n80/686155959550
Neonnest Laptop Table For Upto 35.56 cm (14) Black,Rs.  408,84.00000000000001,https://www.snapdeal.com/product/neonnest-laptop-table-for-upto/677371072167
Generic 30 Ltrs Brown Laptop Bags,Rs.  419,62.0,https://www.snapdeal.com/product/generic-30-ltrs-brown-laptop/636016522740
"Lust Stories , Dance Bar , Mismatched , Four More Shots Please , Palang Tod , Hello Jee , XXX Uncensored , Virgin Bhasskar , Gandii Baat , Mastram (26 Movies) in Hindi Play only in Laptop or Computer HD print without poster",Rs.  573,N/A,https://www.snapdeal.com/product/lust-stories-dance-bar-mismatched/665564537410
Raylan Brown Leather Office Bag,Rs.  698,78.0,https://www.snapdeal.com/product/raylan-brown-leather-office-bag/660599537065
